Full Path,Name,URL
82個體經濟理論/82-42_潘萬祥(四下),82-42_潘萬祥(四下),https://drive.google.com/drive/folders/1srYqrsss3ULldtzzxsuQLD9Xwu6mCp9W
82個體經濟理論/82-31_蔡崇聖(三上),82-31_蔡崇聖(三上),https://drive.google.com/drive/folders/1-sIlcWOHqmrEMbm4B7tIHXrRUhJiJHWZ
82個體經濟理論/82-32_陳恭平(三下),82-32_陳恭平(三下),https://drive.google.com/drive/folders/1E5f_aSpH8bNHe2qoQyctfj7jEk3FROor
82個體經濟理論/82-41_金善鐸(四上),82-41_金善鐸(四上),https://drive.google.com/drive/folders/1obvjU2HsFDht5DfN_LwgP-XzW6DstQBE
82個體經濟理論/82-11_古慧雯(一上),82-11_古慧雯(一上),https://drive.google.com/drive/folders/1MnbpnbkDTuU1Gk8yFDS5PWqVXDZreQcE
82個體經濟理論/82-12_王道一(一下),82-12_王道一(一下),https://drive.google.com/drive/folders/1IryXIGh9pvpR8UQkOc4eyIwxr_vFUQMS
82個體經濟理論/82-12_王道一(一下)/99上王道一個論期中考.pdf,99上王道一個論期中考.pdf,https://drive.google.com/file/d/1yAHHltMCP6GxAgRXsynkt2JOXSbagGai/view?usp=drivesdk
82個體經濟理論/82-12_王道一(一下)/98上王道一個論期末考.pdf,98上王道一個論期末考.pdf,https://drive.google.com/file/d/1kz7LrCefh27giT4asn2ICGaogGmMNC4E/view?usp=drivesdk
82個體經濟理論/82-12_王道一(一下)/98上王道一個論期中考.pdf,98上王道一個論期中考.pdf,https://drive.google.com/file/d/1WxkCOPaYjgi_pi6DgSZ6UAQSjbsdeg3a/view?usp=drivesdk
82個體經濟理論/82-12_王道一(一下)/97上王道一個論期末考.pdf,97上王道一個論期末考.pdf,https://drive.google.com/file/d/138piAPTgcFrsmUvPxEatiDixzMymXsIT/view?usp=drivesdk
82個體經濟理論/82-12_王道一(一下)/97上王道一個論期中考.pdf,97上王道一個論期中考.pdf,https://drive.google.com/file/d/1ZKpsXvxrhcZ5_xx21rilJpuudQ3TkRAG/view?usp=drivesdk
82個體經濟理論/82-12_王道一(一下)/101上王道一個論期末考.pdf,101上王道一個論期末考.pdf,https://drive.google.com/file/d/1-q3a6Ra9Osg-kW5zJth6w5fdvj4G6UZW/view?usp=drivesdk
